,Name,Identity,Alignment,Eyes,Hair,Sex,Alive,Appearances,First_appeared,Planet,Universe,Appearances Bins
23,Fashion Thing,Public,Neutral,Blue,White,Female,Yes,14,Sep/1968,New Earth,DC,<100
36,Fidel Castro,Public,Neutral,Black,White,Male,Yes,4,Jan/1988,New Earth,DC,<10
44,Teekl,Public,Neutral,Red,Orange,Male,Yes,43,Mar/1973,New Earth,DC,<100
54,Chantinelle,Public,Neutral,Brown,Brown,Female,Yes,9,Jul/1991,New Earth,DC,<10
70,Jeb Turnbull,Public,Neutral,Brown,Black,Male,Yes,3,Aug/1974,New Earth,DC,<10
153,Thelma Gordon,Public,Neutral,Brown,White,Female,No,5,Nov/1987,New Earth,DC,<10
177,Thrax,Secret,Neutral,Green,Red,Male,No,1,Mar/1996,New Earth,DC,<10
222,Bizarro Blue Beetle,Secret,Neutral,Blue,Brown,Male,Yes,1,Apr/2011,New Earth,DC,<10
223,Kan-Z,Public,Neutral,Blue,Blond,Male,Yes,2,Dec/1987,New Earth,DC,<10
282,Slade Wilson,Secret,Neutral,Blue,White,Male,Yes,336,Dec/1980,New Earth,DC,<500
299,Harry Bailey,Public,Neutral,Blue,Brown,Male,Yes,15,Jul/2008,New Earth,DC,<100
349,Suula,Secret,Neutral,Blue,White,Female,Yes,1,Mar/1990,New Earth,DC,<10
355,Jill Carlyle,Secret,Neutral,Brown,Black,Female,Yes,15,Apr/2000,New Earth,DC,<100
367,Kelor,Public,Neutral,Photocellular,Blond,Genderless,Yes,2,Feb/1988,New Earth,DC,<10
460,Destiny,Secret,Neutral,Brown,Black,Male,Yes,27,Aug/1972,New Earth,DC,<100
468,Lita Brand,Public,Neutral,Blue,Black,Female,Yes,8,Apr/1968,New Earth,DC,<10
481,Nine of Spades I,Secret,Neutral,Blue,Black,Male,Yes,3,Jul/1990,New Earth,DC,<10
489,Shor,Secret,Neutral,Green,Black,Female,Yes,3,May/2009,New Earth,DC,<10
497,Monitor Bob,Public,Neutral,Red,Black,Male,No,33,Jul/2007,Unknown,DC,<100
508,Xanthi,Secret,Neutral,Black,White,Male,No,5,Jan/1989,New Earth,DC,<10
521,Helena Kyle,Public,Neutral,Green,Brown,Female,Yes,25,May/2006,New Earth,DC,<100
543,Carrie Phillips,Public,Neutral,Brown,Black,Female,Yes,4,Jun/1988,New Earth,DC,<10
548,Jay Young,Secret,Neutral,Grey,Blond,Male,No,3,Sep/2011,New Earth,DC,<10
594,Caitiff,Public,Neutral,White,Brown,Male,No,2,Mar/1986,New Earth,DC,<10
669,"Anthony Angelo, Jr.",Public,Neutral,Auburn,White,Male,Yes,14,Apr/1989,New Earth,DC,<100
686,Noddy Toylan,Secret,Neutral,Black,Black,Male,No,30,Jun/1942,New Earth,DC,<100
693,Lionel Luthor,Public,Neutral,Green,Brown,Male,Yes,8,Sep/2007,New Earth,DC,<10
728,Domina Paris,Public,Neutral,White,Blond,Female,No,6,Jul/2004,New Earth,DC,<10
791,Raelene Sharp,Secret,Neutral,Orange,Brown,Female,No,20,Jan/1993,New Earth,DC,<100
824,Bizarro-Girl,Public,Neutral,Red,Blond,Female,Yes,6,Aug/2010,New Earth,DC,<10
869,Athyns,Secret,Neutral,Brown,Blue,Male,Yes,9,Jan/1989,New Earth,DC,<10
921,Bizarro Lois Lane,Public,Neutral,Black,Black,Female,Yes,8,Oct/2007,New Earth,DC,<10
922,Madeline Benoir,Secret,Neutral,Green,Red,Female,Yes,5,Jun/2003,New Earth,DC,<10
930,Amanda McCoy,Public,Neutral,Brown,Brown,Female,No,11,Feb/1987,New Earth,DC,<100
932,Daedalus,Secret,Neutral,Brown,Black,Male,Yes,4,Mar/1994,New Earth,DC,<10
993,Tigra,Public,Neutral,Black,Red,Female,No,11,Mar/1972,New Earth,DC,<100
1039,Benjamin Turner,Secret,Neutral,Brown,Black,Male,Yes,153,May/1975,New Earth,DC,<250
1068,Arnold Kaua,Secret,Neutral,Brown,Bald,Male,Yes,12,Mar/1994,New Earth,DC,<100
1088,Pamela Isley,Secret,Neutral,Green,Red,Female,Yes,286,Jun/1966,New Earth,DC,<500
1109,Antonio Silencio,Public,Neutral,Black,Black,Male,Yes,1,Oct/2005,New Earth,DC,<10
1132,Narcissus,Secret,Neutral,Black,Black,Male,Yes,6,Jun/2009,New Earth,DC,<10
1174,Bekka,Secret,Neutral,Blue,Black,Female,No,5,Mar/1984,New Earth,DC,<10
1179,Holly Marsh,Secret,Neutral,Brown,Brown,Female,Yes,10,Oct/1994,New Earth,DC,<10
1197,Nicholas Quinzel,Public,Neutral,Blue,Brown,Male,Yes,1,Feb/2010,New Earth,DC,<10
1212,Catherine Hamilton,Public,Neutral,Green,Brown,Female,Yes,2,Oct/2009,New Earth,DC,<10
1235,Eight of Spades I,Public,Neutral,Red,Blond,Female,Yes,3,Jul/1990,New Earth,DC,<10
1262,Debra Sinclair,Public,Neutral,Blue,Black,Female,Yes,1,Apr/2005,New Earth,DC,<10
1284,Richard Wilson,Public,Neutral,Blue,Brown,Male,Yes,6,Nov/1970,New Earth,DC,<10
1333,Sonia Zucco,Public,Neutral,Black,Brown,Female,Yes,13,Jun/2011,New Earth,DC,<100
1334,Jack the Ripper,Secret,Neutral,Black,Black,Male,Yes,5,Feb/1971,New Earth,DC,<10
1390,Eric Moran,Secret,Neutral,White,Black,Male,Yes,17,Jul/2010,Prime Earth,DC,<100
1455,Anton Geist,Public,Neutral,Blue,White,Male,No,16,Jul/2004,New Earth,DC,<100
1505,Cynthia of the Kindly Ones,Public,Neutral,Blue,Bald,Female,Yes,21,Mar/1969,New Earth,DC,<100
1518,Hestia,Public,Neutral,White,Black,Female,Yes,23,Feb/1987,New Earth,DC,<100
1521,Streaky,Public,Neutral,Yellow,Orange,Male,Yes,23,Nov/2006,New Earth,DC,<100
1555,Lacey Van Horn,Secret,Neutral,Green,Red,Female,Yes,8,May/1994,New Earth,DC,<10
1565,Chloe Roberts,Secret,Neutral,Blue,Blond,Female,Yes,6,Jul/2008,New Earth,DC,<10
1590,"Artemis, Goddess of the Hunt",Public,Neutral,Blue,Red,Female,Yes,51,Feb/1987,New Earth,DC,<100
1633,Urzkartaga,Secret,Neutral,Blue,Black,Unknown,Yes,4,Mar/1989,New Earth,DC,<10
1635,Jeremy Baxter,Public,Neutral,Brown,Black,Male,Yes,5,Dec/1994,New Earth,DC,<10
1644,Richard Occult,Secret,Neutral,Grey,Black,Male,Yes,125,Oct/1935,New Earth,DC,<250
1675,Sydney Happersen,Public,Neutral,Brown,Black,Male,No,39,Feb/1987,New Earth,DC,<100
1748,Carol Ferris,Public,Neutral,Blue,Black,Female,Yes,319,Oct/1959,New Earth,DC,<500
1761,Storm,Secret,Neutral,Red,Blond,Unknown,Yes,14,Oct/1967,New Earth,DC,<100
1827,Jonas Glim,Secret,Neutral,Violet,Black,Male,Yes,6,Dec/1993,New Earth,DC,<10
1852,Bizarro I,Public,Neutral,Blue,Black,Male,No,1,Dec/1986,New Earth,DC,<10
1896,Reginald Hackman,Secret,Neutral,Blue,Black,Male,Yes,8,Jan/1993,New Earth,DC,<10
1941,Clifford Baker,Public,Neutral,Green,Red,Male,No,53,Sep/1988,New Earth,DC,<100
1963,Taleb Beni Khalid,Secret,Neutral,Brown,Brown,Male,Yes,39,Jun/2006,New Earth,DC,<100
1992,Edward Nashton,Public,Neutral,Blue,Black,Male,Yes,173,Jan/1988,New Earth,DC,<250
1994,Hacken,Public,Neutral,Brown,Brown,Male,Yes,29,Apr/1996,New Earth,DC,<100
2011,Thia,Public,Neutral,Red,Red,Female,Yes,20,Apr/1985,New Earth,DC,<100
2016,Chu Jiang Impostor,Secret,Neutral,Blue,Red,Male,No,1,Jan/2010,New Earth,DC,<10
2017,Randall Truman,Public,Neutral,Blue,Brown,Male,Yes,5,Aug/1987,New Earth,DC,<10
2035,Steven Majorski,Public,Neutral,Blue,Blond,Male,Yes,10,Oct/1988,New Earth,DC,<10
2065,Wizened Sage,Secret,Neutral,Brown,Black,Male,Yes,2,Jan/1987,New Earth,DC,<10
2120,Talon,Secret,Neutral,Blue,Black,Male,Yes,4,Sep/2006,Earth-3,DC,<10
2187,Vanessa Tremont,Public,Neutral,Blue,Red,Female,Yes,3,Jun/1982,New Earth,DC,<10
2200,Nomoz,Secret,Neutral,Blue,Red,Male,Yes,8,Oct/1992,New Earth,DC,<10
2231,Jasper Evans,Public,Neutral,Brown,Brown,Male,No,8,Aug/1991,New Earth,DC,<10
2240,Garrison Slate,Public,Neutral,Brown,Black,Male,Yes,12,May/1987,New Earth,DC,<100
2327,Manuel Castillo,Non-dual,Neutral,Green,Black,Male,Yes,2,Jun/1989,New Earth,DC,<10
2363,Euan Grieve,Public,Neutral,Grey,Black,Male,No,6,Nov/2010,New Earth,DC,<10
2382,Agamemnon,Public,Neutral,Brown,No,Male,No,2,Aug/1948,New Earth,DC,<10
2397,Hera,Public,Neutral,Blue,Red,Female,Yes,57,Dec/1941,New Earth,DC,<100
2404,Rachel Keast,Non-dual,Neutral,Brown,Black,Female,Yes,14,Oct/2003,New Earth,DC,<100
2415,Seven of Spades I,Secret,Neutral,Red,Black,Male,Yes,3,Jul/1990,New Earth,DC,<10
2499,Lena Luthor II,Public,Neutral,Blue,Red,Female,Yes,26,Jan/1998,New Earth,DC,<100
2587,Lois Lane Robot,Public,Neutral,Blue,Black,Female,Yes,20,Aug/2010,New Earth,DC,<100
2646,Bizarro,Public,Neutral,Black,Black,Male,Yes,96,Sep/2000,New Earth,DC,<100
2677,Themis,Public,Neutral,Blue,Grey,Female,Yes,20,Aug/1985,New Earth,DC,<100
2731,Arbee Stoneham,Non-dual,Neutral,Black,Black,Male,Yes,2,Dec/1979,New Earth,DC,<10
2746,Alcmaeon,Secret,Neutral,Black,Black,Male,No,3,Jul/2000,New Earth,DC,<10
2757,Carl Nelligan,Public,Neutral,Blue,Black,Male,Yes,25,Apr/1983,New Earth,DC,<100
2807,Peter Robinson,Secret,Neutral,Brown,Black,Male,Yes,24,Nov/2004,New Earth,DC,<100
2854,Karen Lou Faulkner,Secret,Neutral,Brown,Brown,Female,Yes,65,Jul/1987,New Earth,DC,<100
2869,Dream,Secret,Neutral,Black,Black,Male,No,95,Jan/1989,New Earth,DC,<100
2889,Miss Bloss,Secret,Neutral,White,Black,Female,Yes,4,Jul/2009,New Earth,DC,<10
2890,Sardonyx,Public,Neutral,Blue,Black,Male,Yes,25,Apr/1983,New Earth,DC,<100
2918,Emma,Public,Neutral,Blue,Brown,Female,No,11,Jun/1985,New Earth,DC,<100
2931,Eve Eden,Secret,Neutral,Blue,Blond,Female,Yes,154,Sep/1966,New Earth,DC,<250
2939,Adrian Zapruder,Public,Neutral,Brown,White,Male,Yes,1,Mar/1995,New Earth,DC,<10
2985,Ghost Fox Killer,Secret,Neutral,White,Black,Female,Yes,21,Jun/2006,New Earth,DC,<100
3203,Miss Tribb,Public,Neutral,Red,Black,Female,Yes,1,Nov/1990,New Earth,DC,<10
3210,Slobo,Secret,Neutral,Yellow,Black,Male,Yes,16,Dec/2001,New Earth,DC,<100
3224,Zviad Baazovi,Secret,Neutral,Brown,Black,Male,Yes,16,Jan/1986,New Earth,DC,<100
3243,James Rice,Public,Neutral,Red,Bald,Male,No,7,Mar/1985,New Earth,DC,<10
3251,Mabel Martin,Secret,Neutral,Green,Blond,Female,Yes,3,Oct/2006,New Earth,DC,<10
3399,Phoebe,Public,Neutral,Black,No,Female,No,11,Aug/1985,New Earth,DC,<100
3427,Xolotl,Secret,Neutral,Blue,Black,Male,No,1,Sep/2006,New Earth,DC,<10
3437,Gog I,Public,Neutral,White,White,Male,Yes,15,Mar/2008,New Earth,DC,<100
3506,Shlagen,Public,Neutral,Orange,Brown,Male,Yes,27,Jun/1983,New Earth,DC,<100
3548,Suli Stellamaris,Public,Neutral,Black,Black,Female,Yes,1,Apr/2006,New Earth,DC,<10
3614,Djo Sut,Public,Neutral,Green,Brown,Male,Yes,2,Mar/2009,New Earth,DC,<10
3617,Bizarro Captain Marvel,Public,Neutral,Hazel,Brown,Unknown,Yes,1,Apr/2011,New Earth,DC,<10
3653,Kana,Secret,Neutral,Brown,Black,Male,Yes,4,Aug/1981,Earth-One,DC,<10
3705,Bertron,Public,Neutral,Black,No,Male,No,3,May/1994,New Earth,DC,<10
3710,Bizarro Fire,Secret,Neutral,Blue,Blue,Female,Yes,1,Dec/2010,New Earth,DC,<10
3766,Thoth,Secret,Neutral,Black,Red,Male,Yes,11,Oct/1987,New Earth,DC,<100
3771,Zero,Secret,Neutral,Green,Black,Male,Yes,2,Dec/2010,New Earth,DC,<10
3878,Jack Gold,Public,Neutral,Black,No,Male,Yes,15,Jul/1982,New Earth,DC,<100
3882,Jefferson Jackson,Public,Neutral,Brown,Black,Male,Yes,11,Jun/1982,New Earth,DC,<100
3926,Bizarro Aquaman,Public,Neutral,Brown,Blond,Male,No,1,Dec/2007,New Earth,DC,<10
3948,William Baker,Secret,Neutral,Blue,Black,Male,Yes,4,Mar/1995,New Earth,DC,<10
3953,Sea Imp,Non-dual,Neutral,Green,Black,Male,Yes,13,Apr/1965,New Earth,DC,<100
4045,Three of Spades I,Public,Neutral,Green,Red,Male,Yes,3,Jul/1990,New Earth,DC,<10
4048,Sirius,Secret,Neutral,Yellow,Red,Male,Yes,1,Mar/2001,New Earth,DC,<10
4108,Mildred of the Kindly Ones,Secret,Neutral,Brown,Brown,Female,Yes,20,Mar/1969,New Earth,DC,<100
4111,Virginia Hex,Public,Neutral,Grey,Brown,Female,No,6,Apr/1980,New Earth,DC,<10
4160,Mister Bones,Secret,Neutral,Black,White,Male,Yes,87,Jul/1985,New Earth,DC,<100
4177,J. Devlin Davenport,Public,Neutral,Blue,Blond,Male,Yes,14,May/1995,New Earth,DC,<100
4193,Giovanni Giuseppe,Secret,Neutral,Blue,Blond,Male,No,136,Jul/1960,New Earth,DC,<250
4221,Deborah Poulos,Public,Neutral,Green,Blond,Female,Yes,7,Mar/2008,New Earth,DC,<10
4229,Kitrina Falcone,Secret,Neutral,Green,Auburn,Female,Yes,11,Dec/2009,New Earth,DC,<100
4257,Esteban of the Posse,Public,Neutral,Brown,Black,Male,Yes,1,Sep/2006,New Earth,DC,<10
4280,Gillian Wahrman,Secret,Neutral,Brown,Brown,Female,Yes,7,Jun/1994,New Earth,DC,<10
4316,Roy Harper,Secret,Neutral,Green,Red,Male,Yes,654,Nov/1941,New Earth,DC,<750
4371,Christopher Dent,Secret,Neutral,Blue,Black,Male,Yes,2,Jan/1990,New Earth,DC,<10
4394,Bizarro Booster Gold,Secret,Neutral,Brown,Blond,Male,Yes,1,Dec/2010,New Earth,DC,<10
4444,Jonah McCarthy,Public,Neutral,Green,Brown,Male,No,20,Oct/2003,New Earth,DC,<100
4447,Lucien,Secret,Neutral,Brown,Brown,Male,Yes,25,Jun/1975,New Earth,DC,<100
4452,Alice Cohen II,Public,Neutral,Brown,Red,Female,Yes,19,Apr/2004,New Earth,DC,<100
4519,Dan,Public,Neutral,Black,Brown,Male,Yes,1,May/1990,New Earth,DC,<10
4532,Crackshot,Public,Neutral,Yellow,Blond,Female,Yes,3,Aug/1996,New Earth,DC,<10
4550,Xebel,Public,Neutral,Red,Grey,Male,Yes,4,Oct/1963,New Earth,DC,<10
4564,Enigma,Secret,Neutral,Green,Red,Female,Yes,12,Sep/2006,New Earth,DC,<100
4623,Lillian Worth,Secret,Neutral,Brown,Black,Female,No,9,Oct/1992,New Earth,DC,<10
4625,Victor Zehrhard,Public,Neutral,Brown,Black,Male,Yes,5,Mar/1994,New Earth,DC,<10
4698,Rene Carpenter,Public,Neutral,Blue,Brown,Female,Yes,6,Nov/2005,New Earth,DC,<10
4705,Titano,Public,Neutral,Brown,Brown,Male,No,5,Aug/1987,New Earth,DC,<10
4708,Michelle Torres,Public,Neutral,Brown,Brown,Female,Yes,5,Feb/2005,New Earth,DC,<10
4808,Honor Jackson,Public,Neutral,Brown,Black,Male,No,2,Jun/2008,New Earth,DC,<10
4819,Wendell Sharpe,Public,Neutral,Brown,Black,Male,Yes,3,Sep/1996,New Earth,DC,<10
4951,Lynn Stewart,Public,Neutral,Brown,Black,Female,Yes,31,Jul/1977,New Earth,DC,<100
4973,Hades,Public,Neutral,Black,Black,Male,Yes,32,Dec/1941,New Earth,DC,<100
4999,Charles Chase,Public,Neutral,White,Grey,Male,Yes,2,Jan/1984,New Earth,DC,<10
5008,Metron,Secret,Neutral,Blue,Black,Male,No,161,Mar/1971,New Earth,DC,<250
5055,Dionysus,Public,Neutral,Black,Red,Male,Yes,13,Dec/1941,New Earth,DC,<100
5058,Lakutha,Public,Neutral,Brown,Brown,Male,No,1,Aug/2000,New Earth,DC,<10
5074,Alessio Morandi,Public,Neutral,Green,Black,Male,Yes,6,Jun/2009,New Earth,DC,<10
5075,Natt Walls,Public,Neutral,Brown,Black,Male,No,54,Aug/1996,New Earth,DC,<100
5095,Nada,Secret,Neutral,Black,Brown,Female,Yes,8,Apr/1989,New Earth,DC,<10
5128,Matthew Cable,Secret,Neutral,Green,Black,Male,Yes,74,Nov/1972,New Earth,DC,<100
5142,Tula,Public,Neutral,Blue,Brown,Female,No,58,Jun/1967,New Earth,DC,<100
5234,Terrence Kurtzberger,Secret,Neutral,Black,Black,Male,No,14,Feb/1940,New Earth,DC,<100
5235,Travonn Williams,Secret,Neutral,Brown,No,Male,Yes,2,Aug/2004,New Earth,DC,<10
5249,Mario Falcone,Public,Neutral,Brown,Brown,Male,No,19,Dec/1999,New Earth,DC,<100
5251,"Proteus, God of Changes",Secret,Neutral,Blue,Black,Male,Yes,3,Oct/1964,New Earth,DC,<10
5252,Herakles,Public,Neutral,Brown,Brown,Male,Yes,86,Dec/1941,New Earth,DC,<100
5299,Jamm,Secret,Neutral,Green,Blond,Male,Yes,3,Jan/1993,New Earth,DC,<10
5321,Legs,Secret,Neutral,Brown,Black,Male,Yes,6,Jun/1988,New Earth,DC,<10
5383,Bethany Lee,Public,Neutral,Yellow,Black,Female,Yes,9,Apr/1999,New Earth,DC,<10
5390,Frank Halloran,Secret,Neutral,Photocellular,Blond,Male,No,5,Jun/2007,New Earth,DC,<10
5403,Adam Grant,Public,Neutral,Blue,Blond,Male,No,21,Jun/1987,New Earth,DC,<100
5463,Atrocitus,Secret,Neutral,Yellow,Black,Male,Yes,55,Jan/2008,New Earth,DC,<100
5512,Lone-Eye Lincoln,Non-dual,Neutral,Brown,No,Male,Yes,2,Aug/2008,New Earth,DC,<10
5556,Joshua Clay,Secret,Neutral,Brown,Black,Male,No,77,Sep/1977,New Earth,DC,<100
5582,Pan,Public,Neutral,Brown,Brown,Male,No,9,Oct/1982,New Earth,DC,<10
5586,Theodora Twidgett,Public,Neutral,Red,Red,Female,Yes,3,Oct/1987,New Earth,DC,<10
5591,Crassus,Secret,Neutral,Brown,Black,Male,Yes,3,Mar/1994,New Earth,DC,<10
5599,Iroque,Secret,Neutral,Blue,Purple,Female,Yes,41,Jan/2008,New Earth,DC,<100
5603,Roxanne Snow,Public,Neutral,Brown,Red,Female,Yes,1,Feb/2007,New Earth,DC,<10
5605,May Bennett,Public,Neutral,Blue,Brown,Female,Yes,33,Jul/1982,New Earth,DC,<100
5667,Adeline Kane,Secret,Neutral,Green,Brown,Female,No,68,Aug/1983,New Earth,DC,<100
5717,Randolph Ormsby,Secret,Neutral,Green,Red,Male,Yes,1,May/1966,New Earth,DC,<10
5806,Jonni DC,Public,Neutral,Brown,Red,Female,No,6,Jul/1985,New Earth,DC,<10
5876,Mervyn Pumpkinhead,Secret,Neutral,Black,Black,Male,Yes,12,May/1989,New Earth,DC,<100
5877,Timothy Ravenwind,Public,Neutral,Blue,Red,Male,Yes,11,Aug/1973,New Earth,DC,<100
5935,Kyle Abbot,Public,Neutral,Brown,Black,Male,Yes,15,Apr/2000,New Earth,DC,<100
5941,Carolyn Llewellyn,Public,Neutral,Green,White,Female,Yes,3,Oct/2006,New Earth,DC,<10
5982,Kahiri,Secret,Neutral,Brown,Black,Female,Yes,1,Sep/1989,New Earth,DC,<10
5988,Violet Robinson,Public,Neutral,Brown,Blond,Female,Yes,5,Aug/2006,New Earth,DC,<10
6090,Hawkgod,Public,Neutral,Black,Brown,Male,Yes,5,May/1994,New Earth,DC,<10
6123,Benjamin Addison,Public,Neutral,White,Bald,Male,Yes,2,Aug/2004,New Earth,DC,<10
6171,Marnie,Public,Neutral,Blue,Blond,Female,Yes,3,Aug/1997,New Earth,DC,<10
6172,Jasper Dolan,Public,Neutral,Blue,Grey,Male,No,1,Sep/1997,New Earth,DC,<10
6319,Fishy,Non-dual,Neutral,Black,Black,Male,Yes,3,Sep/2006,New Earth,DC,<10
6321,Getorix,Public,Neutral,Black,Green,Male,No,4,Apr/2009,New Earth,DC,<10
6332,Marie Payton,Public,Neutral,Blue,Blond,Female,Yes,21,Oct/1988,New Earth,DC,<100
6429,Neil Richards,Secret,Neutral,Blue,Red,Male,Yes,13,Feb/1967,New Earth,DC,<100
6432,Albart,Public,Neutral,Brown,White,Male,Yes,2,Mar/1990,New Earth,DC,<10
6577,Joseph Toledo,Public,Neutral,Photocellular,Blond,Male,No,7,Apr/1977,New Earth,DC,<10
6658,Maggie Mxyzptlk,Secret,Neutral,Brown,Brown,Female,Yes,2,Feb/2011,New Earth,DC,<10
6694,Leonard Snart,Secret,Neutral,Brown,Brown,Male,Yes,219,Jun/1957,New Earth,DC,<250
6702,Lambien,Secret,Neutral,Gold,Gold,Male,Yes,24,Jun/1981,New Earth,DC,<100
6727,Kuan Ti Impostor,Secret,Neutral,White,Brown,Male,Yes,1,Jan/2010,New Earth,DC,<10
6736,Quetzalcoatl,Secret,Neutral,Green,Blond,Male,Yes,4,Nov/1975,New Earth,DC,<10
6752,David Reid,Public,Neutral,Blue,Blond,Male,No,61,Mar/2008,New Earth,DC,<100
6761,Bizarro Perry White,Secret,Neutral,Brown,No,Male,Yes,4,Oct/2007,New Earth,DC,<10
6772,Wackyman,Secret,Neutral,Black,Brown,Male,Yes,1,Feb/1957,Earth-One,DC,<10
6790,Andrew Vinson,Public,Neutral,Blue,Black,Male,Yes,10,Feb/1978,Earth-Two,DC,<10
6812,Persephone,Public,Neutral,Blue,Black,Female,Yes,14,Oct/1985,New Earth,DC,<100
6855,Krypto the Earth Dog,Public,Neutral,Blue,White,Male,Yes,24,Jun/1993,New Earth,DC,<100
6993,Diane Dorst,Secret,Neutral,Blue,Blond,Female,Yes,1,Oct/2009,New Earth,DC,<10
6999,Daniel Dickerson,Public,Neutral,Black,Brown,Male,No,8,Apr/2000,New Earth,DC,<10
7011,Damper,Secret,Neutral,Blue,Brown,Male,Yes,9,Jun/2006,New Earth,DC,<10
7012,Bizarro Power Girl,Secret,Neutral,Blue,Blond,Female,Yes,1,Apr/2011,New Earth,DC,<10
7023,Bonita,Secret,Neutral,Brown,Blond,Female,Yes,6,Jun/2006,New Earth,DC,<10
7074,Klarion Bleak,Secret,Neutral,Black,Black,Male,Yes,62,Mar/1973,New Earth,DC,<100
7108,Jarod Dale,Public,Neutral,Brown,Blond,Male,Yes,2,May/2007,New Earth,DC,<10
7170,Rafael Harris,Public,Neutral,Brown,Black,Male,Yes,4,Feb/1995,New Earth,DC,<10
7178,Father Time,Secret,Neutral,Blue,Black,Male,Yes,22,Apr/2006,New Earth,DC,<100
7222,Crissy,Public,Neutral,Blue,Brown,Female,No,1,Jul/1990,New Earth,DC,<10
7244,Zeus,Public,Neutral,Blue,White,Male,Yes,115,Dec/1941,New Earth,DC,<250
7297,Bizarro Brainiac,Secret,Neutral,Green,Black,Male,Yes,2,Dec/2007,New Earth,DC,<10
7299,Bruno George,Public,Neutral,Red,Blond,Male,Yes,11,Sep/1984,New Earth,DC,<100
7351,Tawny Young,Public,Neutral,Blue,Black,Female,Yes,21,May/1984,New Earth,DC,<100
7374,Rachel Niamo,Secret,Neutral,Brown,Brown,Female,Yes,6,Dec/2012,Prime Earth,DC,<10
7401,Julie Robinson,Public,Neutral,Blue,Black,Female,Yes,10,May/2006,New Earth,DC,<10
7403,Amy Allen,Secret,Neutral,Blue,Brown,Female,Yes,37,Nov/2006,New Earth,DC,<100
7548,Richard Simpson,Public,Neutral,Blue,Brown,Male,Yes,8,Jul/1988,New Earth,DC,<10
7553,Eve Teschmacher,Public,Neutral,Brown,Brown,Female,Yes,1,Jan/2000,New Earth,DC,<10
7582,Joshua Hamman,Secret,Neutral,Brown,Brown,Male,Yes,8,Aug/1999,New Earth,DC,<10
7617,Cron One-Eye,Secret,Neutral,Brown,Bald,Male,Yes,5,Jan/1994,New Earth,DC,<10
7637,Eric Trautmann,Public,Neutral,Brown,Brown,Male,Yes,1,Oct/2006,New Earth,DC,<10
7777,Gerald McWilliams,Public,Neutral,Blue,Blond,Male,No,2,Apr/1996,New Earth,DC,<10
7791,Pytor Orloff,Secret,Neutral,Green,Black,Male,Yes,4,Dec/1987,New Earth,DC,<10
7809,Gemma Masters,Public,Neutral,Brown,Black,Female,Yes,7,Apr/1988,New Earth,DC,<10
7815,Durvella Cwion,Public,Neutral,Blue,Blond,Female,Yes,3,Dec/2010,New Earth,DC,<10
7818,Ronel,Public,Neutral,Brown,Blond,Male,Yes,1,May/1990,New Earth,DC,<10
7831,Claire Montgomery,Public,Neutral,Green,Red,Female,Yes,9,Apr/1990,New Earth,DC,<10
7875,Delaken,Public,Neutral,Black,Brown,Male,Yes,7,Mar/1990,New Earth,DC,<10
8038,Duela Dent,Secret,Neutral,Purple,Red,Female,No,45,Aug/1976,Earth-3,DC,<100
8110,Legless Master,Secret,Neutral,Blue,Black,Male,No,2,Jan/1998,New Earth,DC,<10
8176,Michael Akins,Public,Neutral,Brown,Black,Male,Yes,54,Jan/2001,New Earth,DC,<100
8192,Beast With No Name,Public,Neutral,Black,Red,Male,Yes,9,Jan/1966,New Earth,DC,<10
8238,Martina Mericloinka,Public,Neutral,Brown,Black,Female,Yes,3,Feb/1992,New Earth,DC,<10
8285,Katherine Webb,Secret,Neutral,Blue,Black,Female,Yes,7,Aug/2008,New Earth,DC,<10
8296,Pi\u00f1ata,Non-dual,Neutral,Blue,No,Female,Yes,4,Sep/2006,New Earth,DC,<10
8347,Mama Madame,Public,Neutral,White,White,Female,Yes,6,Feb/1984,New Earth,DC,<10
8422,Lady Sapphire,Public,Neutral,Blue,Black,Female,Yes,11,Sep/1983,New Earth,DC,<100
8449,Aphrodite,Public,Neutral,Blue,Blond,Female,Yes,104,Dec/1941,New Earth,DC,<250
8463,Louis Erikson,Public,Neutral,Red,Brown,Male,No,1,Sep/2004,New Earth,DC,<10
8486,"Arthur Curry, Jr.",Public,Neutral,Blue,Blond,Male,No,54,Oct/1965,New Earth,DC,<100
8496,Zirral,Public,Neutral,Brown,Blond,Female,Yes,11,Aug/1985,New Earth,DC,<100
8523,Delirium,Secret,Neutral,Blue,Black,Female,Yes,17,Nov/1990,New Earth,DC,<100
8603,Mnemosyne,Public,Neutral,Blue,Blond,Female,Yes,17,Sep/1981,New Earth,DC,<100
8623,Lawrence Jordan,Secret,Neutral,Brown,Brown,Male,No,100,Feb/1942,New Earth,DC,<100
8652,Onassis Sklar,Secret,Neutral,Blue,Brown,Male,Yes,1,Jun/1995,New Earth,DC,<10
8666,Robert Mason,Secret,Neutral,Black,Black,Male,Yes,1,Feb/1941,New Earth,DC,<10
8670,Tekla,Secret,Neutral,Brown,Brown,Female,No,1,Jan/2006,New Earth,DC,<10
8715,Tes Ak-Var,Public,Neutral,Brown,Red,Female,No,2,Aug/2009,New Earth,DC,<10
8731,Martin Lewis,Public,Neutral,Brown,Black,Male,Yes,7,Oct/1997,New Earth,DC,<10
8755,Kirigi,Public,Neutral,Green,White,Male,Yes,2,Mar/1989,New Earth,DC,<10
8767,Snake-Oil,Public,Neutral,Brown,Black,Male,Yes,19,Apr/1967,New Earth,DC,<100
8845,Susan King,Secret,Neutral,Green,Blond,Female,Yes,18,Sep/1987,New Earth,DC,<100
8875,Chu Jung Impostor,Secret,Neutral,White,Blond,Male,Yes,1,Jan/2010,New Earth,DC,<10
8910,Robert Hinckley Long,Public,Neutral,Black,Red,Male,No,36,Sep/1992,New Earth,DC,<100
8977,Brahma,Public,Neutral,Photocellular,Brown,Male,Yes,2,Sep/1999,New Earth,DC,<10
9035,Michael Desai,Secret,Neutral,Grey,Brown,Male,Yes,5,Jul/2011,New Earth,DC,<10
9088,Rama Kushna,Public,Neutral,Black,Black,Female,Yes,42,Oct/1967,New Earth,DC,<100
9091,Eros,Public,Neutral,Blue,Blond,Male,Yes,25,Apr/1981,New Earth,DC,<100
9098,Poseidon,Public,Neutral,White,White,Male,Yes,46,Sep/1940,New Earth,DC,<100
9121,Vashnu,Secret,Neutral,Brown,Brown,Male,Yes,30,Oct/1967,New Earth,DC,<100
9123,Walter Reilly,Public,Neutral,Blue,Grey,Male,Yes,14,Jun/1982,New Earth,DC,<100
9139,Blanca,Public,Neutral,Blue,Blond,Female,Yes,11,Jan/2010,New Earth,DC,<100
9150,Michael Sanchez,Public,Neutral,Green,Black,Male,Yes,4,Feb/1985,New Earth,DC,<10
9246,Robert Langstrom,Secret,Neutral,Brown,Brown,Male,Yes,130,Jun/1970,New Earth,DC,<250
9253,Mordred of the Kindly Ones,Public,Neutral,Blue,White,Female,Yes,18,Mar/1969,New Earth,DC,<100
9329,Margaret Sawyer,Public,Neutral,Blue,Red,Female,Yes,180,Apr/1987,New Earth,DC,<250
9429,Marla Elliot,Public,Neutral,Red,Red,Female,Yes,9,Sep/2008,New Earth,DC,<10
9471,Peyton Riley,Secret,Neutral,Blue,Blond,Female,Yes,11,Mar/2007,New Earth,DC,<100
9538,Savitar Bandu,Secret,Neutral,Brown,Black,Male,Yes,8,Feb/1995,New Earth,DC,<10
9551,Anna Resik,Secret,Neutral,Brown,Brown,Female,Yes,1,Aug/1986,New Earth,DC,<10
9563,Madolyn Corbett,Secret,Neutral,Auburn,White,Female,No,4,Apr/1995,New Earth,DC,<10
9609,Manuel Esperanza,Public,Neutral,Brown,Black,Male,Yes,7,Oct/2001,New Earth,DC,<10
9610,Crazyface,Secret,Neutral,Brown,Red,Male,Yes,2,Jul/2005,New Earth,DC,<10
9622,Elizabeth Joyce,Public,Neutral,Brown,Red,Female,Yes,3,Jun/1988,New Earth,DC,<10
9634,Sandra Wu-San,Secret,Neutral,Brown,Black,Female,Yes,89,Jan/1976,New Earth,DC,<100
9746,Gwyneth Tate,Public,Neutral,Blue,Red,Female,Yes,4,Dec/1986,New Earth,DC,<10
9770,Peter Rice,Public,Neutral,Green,Brown,Male,Yes,7,Feb/1998,New Earth,DC,<10
9815,Lianna,Public,Neutral,Green,Black,Female,Yes,15,May/2003,New Earth,DC,<100
9879,David Manguy,Secret,Neutral,Blue,Black,Male,Yes,5,Feb/1994,New Earth,DC,<10
9922,Seyg-El,Public,Neutral,Blue,White,Male,Yes,3,Feb/1988,New Earth,DC,<10
9929,Steven Lombard,Public,Neutral,Green,Red,Male,Yes,28,Oct/1989,New Earth,DC,<100
9951,Ladon,Secret,Neutral,Violet,No,Male,Yes,8,Jan/1991,New Earth,DC,<10
9959,Rita Beckman,Public,Neutral,Brown,Brown,Female,Yes,13,Jul/1983,New Earth,DC,<100
10015,Settler V,Secret,Neutral,Brown,Brown,Male,Yes,1,Dec/2010,New Earth,DC,<10
10071,Hudson Pyle,Secret,Neutral,Brown,Brown,Male,No,6,Jun/1992,New Earth,DC,<10
10103,Fang Zhifu,Secret,Neutral,Blue,Black,Male,Yes,39,Jun/2006,New Earth,DC,<100
10174,Destruction,Secret,Neutral,Brown,Red,Male,Yes,11,Jan/1991,New Earth,DC,<100
10205,Angela Revere,Public,Neutral,Green,Black,Female,Yes,14,Jun/1986,New Earth,DC,<100
10216,Ekin Tzu,Public,Neutral,Brown,Black,Male,Yes,5,Apr/2000,New Earth,DC,<10
10248,Hercules,Public,Neutral,Blue,Black,Male,Yes,11,Sep/1991,New Earth,DC,<100
10254,Kelex,Public,Neutral,Photocellular,Black,Genderless,No,30,Feb/1988,New Earth,DC,<100
10261,Dodger,Secret,Neutral,Brown,Brown,Male,Yes,8,Jun/2008,New Earth,DC,<10
10366,Rama Khan,Secret,Neutral,Brown,Black,Male,No,8,Mar/2002,New Earth,DC,<10
10374,Pallas Athena,Public,Neutral,Grey,Brown,Female,Yes,118,May/1958,New Earth,DC,<250
10394,Sister Anne-Marie,Public,Neutral,Blue,Brown,Female,No,11,Jun/1985,New Earth,DC,<100
10439,Craydl,Non-dual,Neutral,Green,Red,Unknown,Yes,8,Jul/1999,New Earth,DC,<10
10527,Hippolyta Milton,Public,Neutral,Purple,Purple,Female,Yes,11,Mar/1994,New Earth,DC,<100
10554,Azrael,Public,Neutral,Gold,Black,Male,Yes,37,Apr/1985,New Earth,DC,<100
10614,Vera Sweet,Public,Neutral,Green,Blond,Female,Yes,6,Jun/1968,New Earth,DC,<10
10732,Travis Clevenger,Public,Neutral,Blue,Blond,Male,Yes,12,Sep/2004,New Earth,DC,<100
10771,Jerry White,Secret,Neutral,Brown,Brown,Male,No,18,May/1987,New Earth,DC,<100
10809,Ferak,Secret,Neutral,White,Green,Female,Yes,6,Jul/1999,New Earth,DC,<10
10853,Unity Kincaid,Secret,Neutral,Blue,Brown,Female,No,7,Jan/1989,New Earth,DC,<10
10961,Mister Choi,Secret,Neutral,Brown,Black,Male,Yes,5,Sep/2006,New Earth,DC,<10
11014,Alana Dominguez,Secret,Neutral,White,Brown,Female,Yes,13,Oct/2003,New Earth,DC,<100
11067,Beulah Bleak,Secret,Neutral,Black,White,Female,Yes,2,Jun/2005,New Earth,DC,<10
11130,Bizarro Supergirl,Secret,Neutral,Black,Blond,Female,Yes,3,Nov/2001,New Earth,DC,<10
11163,Adrianna Tomaz,Public,Neutral,Brown,Brown,Female,No,38,May/2006,New Earth,DC,<100
11168,Norman Madison,Secret,Neutral,Red,Brown,Male,No,11,Jan/2006,New Earth,DC,<100
11226,Lei Kung Impostor,Unknown,Neutral,White,Blond,Male,Yes,1,Jan/2010,New Earth,DC,<10
11230,Martian Womanhunter,Public,Neutral,Brown,No,Male,Yes,1,Sep/1992,New Earth,DC,<10
11234,Six of Spades I,Public,Neutral,Blue,Black,Male,Yes,3,Jul/1990,New Earth,DC,<10
11238,Zbigniew X,Public,Neutral,Blue,White,Male,Yes,1,Apr/2006,New Earth,DC,<10
11242,Bleez,Public,Neutral,Blue,Black,Female,Yes,68,Dec/2008,New Earth,DC,<100
11248,Bast,Secret,Neutral,Blue,Black,Female,Yes,19,Mar/1991,New Earth,DC,<100
11269,Teth-Adam,Secret,Neutral,Brown,Black,Male,Yes,152,Dec/1945,New Earth,DC,<250
11301,Sparta,Secret,Neutral,Red,Orange,Female,No,8,Jan/1989,New Earth,DC,<10
11365,Karl Ranck,Public,Neutral,Black,Blond,Male,No,6,Oct/1991,New Earth,DC,<10
11374,Black Flash,Public,Neutral,Green,Brown,Male,Yes,12,Jun/1998,New Earth,DC,<100
11379,Jeb Friedman,Public,Neutral,Brown,Black,Male,No,12,Oct/1991,New Earth,DC,<100
11386,Sebastian Hady,Public,Neutral,Black,Brown,Male,Yes,7,Jan/2010,New Earth,DC,<10
11422,Nobody,Secret,Neutral,Brown,Blond,Male,Yes,1,Oct/2005,New Earth,DC,<10
11425,Edouard Laslo,Public,Neutral,Black,Brown,Male,Yes,3,Feb/1998,New Earth,DC,<10
11426,Jeremy Jape,Secret,Neutral,Blue,Blond,Male,Yes,9,Jul/2008,New Earth,DC,<10
11482,Joseph Wilson,Secret,Neutral,Green,Blond,Male,Yes,229,May/1984,New Earth,DC,<250
11532,Richard Swift,Secret,Neutral,Grey,Black,Male,Yes,126,Sep/1942,New Earth,DC,<250
11552,Arin Sur,Public,Neutral,Brown,Black,Female,Yes,9,Oct/2009,New Earth,DC,<10
11562,Nadia Safir,Non-dual,Neutral,Brown,Black,Female,Yes,19,May/1986,New Earth,DC,<100
11587,Humphry Dumpler,Public,Neutral,Blue,No,Male,Yes,14,Aug/2003,New Earth,DC,<100
11620,Wilson Klass,Public,Neutral,Blue,Grey,Male,Yes,5,Sep/1990,New Earth,DC,<10
11650,Henri Ducard,Public,Neutral,Brown,Grey,Male,Yes,13,Apr/1989,New Earth,DC,<100
11706,Magdalene Kyle,Public,Neutral,Green,Brown,Female,Yes,18,Feb/1989,New Earth,DC,<100
11777,Mei Ling,Public,Neutral,Black,Black,Female,Yes,17,Apr/1979,New Earth,DC,<100
11798,Etrigan,Public,Neutral,Red,Brown,Male,Yes,311,Sep/1972,New Earth,DC,<500
11903,Scour,Secret,Neutral,Brown,Black,Male,Yes,6,Jun/2006,New Earth,DC,<10
11953,Doctor Mephistopheles,Public,Neutral,Blue,Blond,Male,Yes,1,Aug/2008,New Earth,DC,<10
12014,Jayne Payton,Public,Neutral,Green,Red,Female,Yes,51,Oct/1988,New Earth,DC,<100
12055,Marion Lane,Public,Neutral,Brown,Black,Male,No,7,Feb/2008,New Earth,DC,<10
12089,Source,Secret,Neutral,Brown,Brown,Unknown,Yes,42,Mar/1971,New Earth,DC,<100
12121,Kamandi,Public,Neutral,Blue,Blond,Male,Yes,12,Sep/2007,New Earth,DC,<100
12136,Paul Gambi,Public,Neutral,Brown,Brown,Male,Yes,13,Dec/1963,New Earth,DC,<100
12232,Thomas Ludlow Dalt,Secret,Neutral,Black,Black,Male,Yes,6,Apr/2005,New Earth,DC,<10
12238,Gulacia,Public,Neutral,Hazel,Brown,Female,Yes,2,May/1990,New Earth,DC,<10
12250,Simon Peters,Public,Neutral,Blue,Brown,Male,Yes,15,Jul/2009,New Earth,DC,<100
12306,Pharaoh II,Secret,Neutral,White,White,Male,Yes,1,Dec/2010,New Earth,DC,<10
12458,Robert Castell,Public,Neutral,Brown,Black,Male,Yes,2,Jun/2006,New Earth,DC,<10
12484,Hanuman,Public,Neutral,Brown,Brown,Male,Yes,2,Oct/1999,New Earth,DC,<10
12495,King Ra-Man,Public,Neutral,Blue,Black,Male,Yes,13,Jul/1965,New Earth,DC,<100
12536,Alan Welles,Secret,Neutral,Blue,Brown,Male,No,19,Jun/1984,New Earth,DC,<100
12551,Liana Kerzner,Public,Neutral,Blue,Red,Female,Yes,10,Nov/2008,New Earth,DC,<10
12578,John Smalls,Secret,Neutral,Brown,Black,Male,Yes,5,Jun/2006,New Earth,DC,<10
12613,Helen Claiborne,Public,Neutral,Blue,Black,Female,Yes,46,Jun/1995,New Earth,DC,<100
12616,Bethany Keele,Secret,Neutral,Black,Brown,Female,Yes,16,Jul/2008,New Earth,DC,<100
12657,Gerard Shugel,Secret,Neutral,Red,White,Male,Yes,6,Jul/2009,New Earth,DC,<10
12718,Judson Caspian,Secret,Neutral,Blue,Black,Male,No,8,Jun/1987,New Earth,DC,<10
12846,Sapphire Stagg,Secret,Neutral,Blue,Blond,Female,Yes,104,Jan/1965,New Earth,DC,<250
12960,Manga Khan,Secret,Neutral,Red,Brown,Male,Yes,30,Jun/1988,New Earth,DC,<100
12965,Emmylou Hartley,Secret,Neutral,Blue,Blond,Female,Yes,8,Jul/1981,Earth-One,DC,<10
13015,Felicity Smoak,Public,Neutral,Blue,Black,Female,Yes,33,May/1984,New Earth,DC,<100
13027,Ringo Chen,Public,Neutral,Brown,Black,Male,No,21,Apr/1996,New Earth,DC,<100
13071,William Walker,Secret,Neutral,Black,Black,Male,No,42,Jul/1971,New Earth,DC,<100
13084,Robert Queen,Secret,Neutral,Brown,Black,Male,Yes,10,Aug/1989,New Earth,DC,<10
13105,Nikolai Latikov,Secret,Neutral,Blue,Black,Male,No,2,Jan/1988,New Earth,DC,<10
13208,Flora Black,Secret,Neutral,Violet,Violet,Female,No,27,Dec/1988,New Earth,DC,<100
13315,Quentin Quale,Public,Neutral,Blue,Black,Male,Yes,7,Jun/1982,New Earth,DC,<10
13392,Marissa Nelson,Secret,Neutral,Brown,Brown,Female,Yes,1,Nov/2007,New Earth,DC,<10
13393,Krakor,Secret,Neutral,Brown,Brown,Male,No,1,Jun/1976,New Earth,DC,<10
13442,Nathaniel Dusk,Public,Neutral,Brown,Brown,Male,Yes,9,Feb/1984,New Earth,DC,<10
13499,Feng Po Impostor,Public,Neutral,White,Black,Male,No,5,Jan/2010,New Earth,DC,<10
13566,Suli,Public,Neutral,Black,Brown,Female,No,1,Sep/1989,New Earth,DC,<10
13681,Rex Leech,Public,Neutral,Hazel,Brown,Male,Yes,51,Feb/1993,New Earth,DC,<100
13721,Thrust,Public,Neutral,Pink,Blond,Male,Yes,8,Jan/1992,New Earth,DC,<10
13795,Yrra Cynril,Secret,Neutral,Brown,Black,Female,Yes,48,Feb/1997,New Earth,DC,<100
13807,Space Cabby,Secret,Neutral,Brown,Brown,Male,Yes,32,Sep/1954,New Earth,DC,<100
13894,Tribulus,Public,Neutral,Green,No,Male,Yes,22,Apr/2009,New Earth,DC,<100
13905,Silica,Public,Neutral,White,Pink,Female,No,12,Dec/2006,New Earth,DC,<100
13923,Don Allen,Non-dual,Neutral,Blue,Red,Male,No,20,Oct/1968,New Earth,DC,<100
13982,Abel,Secret,Neutral,Blue,Black,Male,Yes,41,Jul/1969,New Earth,DC,<100
14030,Darryl Frye,Secret,Neutral,Green,Orange,Male,Yes,15,May/1980,New Earth,DC,<100
14044,Horten Spence,Public,Neutral,Brown,Black,Male,Yes,2,Mar/1992,New Earth,DC,<10
14066,Rhea,Public,Neutral,Blue,Red,Female,Yes,13,Aug/1985,New Earth,DC,<100
14144,Lance Harrower,Public,Neutral,Blue,Blond,Male,No,1,Jan/2006,New Earth,DC,<10
14150,Christine Madison,Secret,Neutral,Blue,Blond,Female,Yes,17,Aug/1960,New Earth,DC,<100
14240,Quentin Galloway,Non-dual,Neutral,Black,Blond,Male,Yes,3,Dec/2003,New Earth,DC,<10
14259,Caellich,Public,Neutral,Red,Brown,Male,No,3,Sep/1983,New Earth,DC,<10
14268,Gregori Arcane,Secret,Neutral,Brown,Black,Male,Yes,18,Jan/1973,New Earth,DC,<100
14300,Asha Del-Nar,Secret,Neutral,Blue,Blond,Female,Yes,7,May/2009,New Earth,DC,<10
14304,Emily Rice,Public,Neutral,Blue,Blond,Female,Yes,13,Aug/1985,New Earth,DC,<100
14336,Rebecca Tyler,Non-dual,Neutral,Green,Blond,Female,Yes,3,Dec/1999,New Earth,DC,<10
14344,Mister Mxyzptlk,Secret,Neutral,Black,White,Male,Yes,64,Nov/1987,New Earth,DC,<100
14350,Poet,Secret,Neutral,Blue,Black,Male,Yes,14,Jul/2008,New Earth,DC,<100
14369,Despair,Secret,Neutral,Grey,Black,Female,Yes,12,Nov/1989,New Earth,DC,<100
14395,Hyperion,Public,Neutral,Blue,Brown,Male,Yes,17,Sep/1981,New Earth,DC,<100
14432,Terrence Berg,Secret,Neutral,Brown,Blond,Male,Yes,12,Oct/2000,New Earth,DC,<100
14436,Skanda,Public,Neutral,Brown,Black,Male,Yes,3,Oct/1999,New Earth,DC,<10
14496,Aubrey Sparks,Secret,Neutral,Blue,Black,Female,Yes,17,Sep/2000,New Earth,DC,<100
14521,Orunmilla,Public,Neutral,Brown,Black,Male,Yes,2,Oct/1997,New Earth,DC,<10
14573,Thomas Blake,Secret,Neutral,Blue,Blond,Male,Yes,108,Jan/1963,New Earth,DC,<250
14575,Walter Steele,Public,Neutral,Blue,Blond,Male,Yes,1,Aug/2010,New Earth,DC,<10
14593,Wiley Dalbert,Secret,Neutral,Red,Brown,Male,Yes,4,Oct/1997,New Earth,DC,<10
14605,Bonnie King,Secret,Neutral,Blue,Blond,Female,Yes,25,Nov/1960,New Earth,DC,<100
14615,Gaea,Public,Neutral,White,Black,Female,Yes,19,Sep/1981,New Earth,DC,<100
14618,Richard Malverne,Public,Neutral,Blue,Red,Male,No,1,Jan/1997,New Earth,DC,<10
14624,Simon LaGrieve,Public,Neutral,Brown,Grey,Male,Yes,33,May/1987,New Earth,DC,<100
14633,Benjamin Cox,Public,Neutral,Brown,Brown,Male,No,13,Jun/1985,New Earth,DC,<100
14643,Winky Moylan,Non-dual,Neutral,Green,Brown,Male,No,30,Jun/1942,New Earth,DC,<100
14710,Dardan,Public,Neutral,Brown,Brown,Male,Yes,9,Aug/1995,New Earth,DC,<10
14767,Roger Gordon,Public,Neutral,Blue,Brown,Male,No,4,Nov/1987,New Earth,DC,<10
14785,Maia,Public,Neutral,Blue,Brown,Female,Yes,1,Apr/1990,New Earth,DC,<10
14803,Probe,Public,Neutral,Green,Black,Female,Yes,4,May/2006,New Earth,DC,<10
14849,Bizarro Hawkman,Secret,Neutral,Blue,Black,Male,Yes,1,Dec/2010,New Earth,DC,<10
14850,Alexander Montez,Public,Neutral,Brown,Black,Male,No,18,Sep/2001,New Earth,DC,<100
14872,Strato,Secret,Neutral,Black,Grey,Male,Yes,2,Jul/2005,New Earth,DC,<10
14915,Aniela Arcane,Secret,Neutral,Blue,Brown,Female,Yes,1,Feb/1989,New Earth,DC,<10
14970,James Kim,Public,Neutral,Red,Black,Male,Yes,1,Feb/2011,New Earth,DC,<10
14992,Maxwell Lord IV,Public,Neutral,Black,Brown,Male,Yes,218,May/1987,New Earth,DC,<250
15070,Lynx II,Secret,Neutral,Amber,Black,Female,Yes,11,Dec/2008,New Earth,DC,<100
15072,Sigyn,Public,Neutral,White,White,Male,Yes,1,Mar/1991,New Earth,DC,<10
15093,James Craddock II,Public,Neutral,Blue,White,Male,Yes,2,Jun/1995,New Earth,DC,<10
15136,Dimita,Public,Neutral,Blue,Black,Female,Yes,1,Oct/1998,New Earth,DC,<10
15158,"Radiant, Spirit of Mercy",Secret,Neutral,Brown,Black,Female,Yes,4,Nov/2008,New Earth,DC,<10
15166,George Calderon,Public,Neutral,Brown,Brown,Male,No,1,Jan/2007,New Earth,DC,<10
15183,Doctor Iker,Public,Neutral,Blue,Brown,Male,Yes,2,Jul/1941,New Earth,DC,<10
15184,Rachel Dodds,Secret,Neutral,Brown,Brown,Female,Yes,9,Dec/2007,New Earth,DC,<10
15216,Rampotatek,Public,Neutral,Brown,Blue,Male,Yes,3,Mar/2001,New Earth,DC,<10
15225,Marnie Herrs,Public,Neutral,Blue,Blond,Female,Yes,8,May/1987,New Earth,DC,<10
15245,Bizarro Martian Manhunter,Secret,Neutral,Blue,Bald,Male,Yes,2,Dec/2010,New Earth,DC,<10
15266,Shango,Public,Neutral,Brown,Black,Male,Yes,8,Mar/1990,New Earth,DC,<10
15269,Monmouth,Public,Neutral,Brown,Black,Male,Yes,1,May/1989,New Earth,DC,<10
15278,Johnny Navarone,Public,Neutral,Blue,Black,Male,No,4,Aug/1996,New Earth,DC,<10
15327,Tethys,Public,Neutral,Green,Green,Female,Yes,17,Aug/1985,New Earth,DC,<100
15392,Ronald Evers,Secret,Neutral,Brown,Black,Male,Yes,11,Jun/1982,New Earth,DC,<100
15453,Aaron Langstrom,Secret,Neutral,Brown,Brown,Male,Yes,10,Apr/1996,New Earth,DC,<10
15459,Death,Secret,Neutral,Black,Black,Female,Yes,58,Aug/1989,New Earth,DC,<100
15461,Elizabeth Harkness,Public,Neutral,Blue,Brown,Female,No,1,Aug/1990,New Earth,DC,<10
15478,Astra Logue,Public,Neutral,Blue,Blond,Female,No,7,Aug/1988,New Earth,DC,<10
15498,Laira Omoto,Secret,Neutral,White,Red,Female,No,31,Sep/1993,New Earth,DC,<100
15513,Stacy,Public,Neutral,Green,Red,Female,Yes,40,Mar/2000,New Earth,DC,<100
15555,Alexander Allston,Secret,Neutral,Black,Black,Male,No,7,Dec/2004,New Earth,DC,<10
15574,Jack Kovacs,Public,Neutral,Yellow,Blond,Male,Yes,8,Mar/1989,New Earth,DC,<10
15626,Princess Topaz,Public,Neutral,Yellow,Black,Female,Yes,6,Aug/1983,New Earth,DC,<10
15659,Iapetus,Public,Neutral,Blue,Grey,Male,Yes,16,Sep/1981,New Earth,DC,<100
15715,David Challoner,Public,Neutral,Blue,Blond,Male,Yes,7,Feb/1989,New Earth,DC,<10
15730,Anthony Hartzell,Secret,Neutral,Blue,White,Male,Yes,5,May/2002,New Earth,DC,<10
15770,Ronald Edwards,Public,Neutral,Blue,White,Male,Yes,3,Sep/2006,New Earth,DC,<10
15796,Alex Olsen,Secret,Neutral,Blue,Blond,Male,Yes,11,Jul/1971,New Earth,DC,<100
15831,Joan Lincoln,Secret,Neutral,Blue,Blond,Female,Yes,19,Jul/1983,New Earth,DC,<100
15893,Elvira,Public,Neutral,Black,Black,Female,Yes,1,Jan/1986,New Earth,DC,<10
15915,Larfleeze,Public,Neutral,Yellow,Orange,Male,Yes,44,Jun/2008,New Earth,DC,<100
15946,Ann Preston,Public,Neutral,Brown,Red,Female,Yes,15,Jul/2008,New Earth,DC,<100
15957,Alvin Rusch,Public,Neutral,Brown,Brown,Male,Yes,25,Jul/2004,New Earth,DC,<100
15962,Jock Verner,Public,Neutral,Blue,Brown,Male,Yes,17,Jul/1984,New Earth,DC,<100
15975,Stretch Skinner,Public,Neutral,Yellow,Brown,Male,Yes,21,Apr/1942,New Earth,DC,<100
16010,Phillip Easton,Public,Neutral,Green,Black,Male,Yes,6,Apr/1989,New Earth,DC,<10
16046,Henry Claridge,Public,Neutral,Photocellular,Brown,Male,No,3,Jun/1940,New Earth,DC,<10
16061,Damien Kane,Secret,Neutral,Brown,Brown,Male,Yes,6,Feb/1994,New Earth,DC,<10
16113,Vanessa van Helsing,Public,Neutral,Green,Red,Female,Yes,17,Jul/1982,New Earth,DC,<100
16265,Rip Hunter,Secret,Neutral,Blue,Blond,Male,Yes,103,Jun/1959,New Earth,DC,<250
16317,Soapy,Secret,Neutral,Brown,Black,Male,Yes,1,May/2005,New Earth,DC,<10
16368,Sarolis,Public,Neutral,Brown,Brown,Male,Yes,1,Sep/2009,New Earth,DC,<10
16391,Monolith,Secret,Neutral,Brown,Brown,Male,Yes,21,Apr/2004,New Earth,DC,<100
16395,Shado,Secret,Neutral,Brown,Black,Female,Yes,36,Aug/1987,New Earth,DC,<100
16396,Gregory Osborne,Non-dual,Neutral,Blue,Brown,Male,Yes,7,Aug/1987,New Earth,DC,<10
16409,Sterling Morris,Public,Neutral,Brown,White,Male,Yes,13,Apr/1995,New Earth,DC,<100
16429,Clotho,Public,Neutral,Brown,White,Female,No,10,Aug/1990,New Earth,DC,<10
16484,Wesley Fermin,Secret,Neutral,Purple,Grey,Male,No,12,Feb/1987,New Earth,DC,<100
16497,Thesily,Public,Neutral,Green,Black,Male,No,12,Dec/1991,New Earth,DC,<100
16507,Mekanique,Secret,Neutral,Photocellular,Grey,Female,Yes,12,Oct/1985,New Earth,DC,<100
16520,Sir Galahad,Public,Neutral,Black,Brown,Male,Yes,10,May/2005,New Earth,DC,<10
16574,Hephaestus,Public,Neutral,Blue,White,Male,Yes,36,Dec/1941,New Earth,DC,<100
16691,Promise,Secret,Neutral,Black,Blond,Female,Yes,4,Feb/2011,New Earth,DC,<10
16727,William Randolph Wintergreen,Public,Neutral,White,White,Male,No,64,Dec/1980,New Earth,DC,<100
16729,Beautia Sivana,Public,Neutral,Blue,Blond,Female,Yes,8,Apr/1987,New Earth,DC,<10
16823,Huitzilopochtli,Public,Neutral,Black,Grey,Male,Yes,1,Oct/1991,New Earth,DC,<10
16888,Nasreen Samari,Secret,Neutral,Brown,Black,Female,Yes,4,Jul/2010,New Earth,DC,<10
16896,Meloni Thawne,Public,Neutral,Amber,Brown,Female,Yes,13,Mar/1997,New Earth,DC,<100
16926,Dexter Nichols,Public,Neutral,Green,Brown,Male,Yes,10,Jul/2009,New Earth,DC,<10
16981,Parademon,Public,Neutral,Brown,White,Male,No,15,Jul/2005,New Earth,DC,<100
16986,Daria Hernandez,Public,Neutral,Brown,Brown,Female,Yes,10,Jul/2003,New Earth,DC,<10
17017,Mawu,Public,Neutral,Brown,Black,Female,Yes,1,Oct/1997,New Earth,DC,<10
17024,Peter Gambi,Public,Neutral,Black,Brown,Male,No,13,Apr/1977,New Earth,DC,<100
17029,Hecate,Secret,Neutral,Blue,White,Female,Yes,6,Aug/1988,New Earth,DC,<10
17041,Four of Spades I,Non-dual,Neutral,Brown,Black,Female,Yes,3,Jul/1990,New Earth,DC,<10
17084,Thaal Sinestro,Public,Neutral,Yellow,Black,Male,Yes,237,Aug/1961,New Earth,DC,<250
17162,Dax-Am,Public,Neutral,Black,Blond,Male,Yes,1,Oct/2009,New Earth,DC,<10
17179,Lowell Jeffries,Public,Neutral,Black,Black,Male,Yes,2,Oct/2006,New Earth,DC,<10
17194,Britton,Public,Neutral,Brown,Brown,Male,Yes,1,Apr/1990,New Earth,DC,<10
17232,Teshom\u00e9 Hawkins,Secret,Neutral,Black,Brown,Male,No,1,Aug/2011,New Earth,DC,<10
17249,Phoebus Apollo,Public,Neutral,Blue,Blond,Male,Yes,41,Dec/1941,New Earth,DC,<100
17251,Justin Hanover,Public,Neutral,Brown,Black,Male,Yes,6,Jul/2009,New Earth,DC,<10
17302,Erik Gavlin,Secret,Neutral,Green,Blond,Male,No,3,Jun/2006,New Earth,DC,<10
17307,Rina,Public,Neutral,Black,Black,Female,Yes,7,Jul/2008,New Earth,DC,<10
17366,Emily Washburn,Public,Neutral,Grey,Blond,Female,Yes,2,Jun/1997,New Earth,DC,<10
17416,Randall Adam,Non-dual,Neutral,Blue,Brown,Male,Yes,17,Mar/1987,New Earth,DC,<100
17433,Ted Shoemaker,Public,Neutral,Brown,Black,Male,Yes,10,Dec/2004,New Earth,DC,<10
17436,Jennifer Myers,Public,Neutral,Blue,Blond,Female,Yes,1,Jul/2011,New Earth,DC,<10
17469,Ekron,Secret,Neutral,Green,No,Male,Yes,4,Sep/2006,New Earth,DC,<10
17475,Jake Donnelly,Secret,Neutral,Brown,Black,Male,Yes,2,Oct/2008,New Earth,DC,<10
17479,Hermes,Public,Neutral,Blue,Blond,Male,Yes,90,Apr/1959,New Earth,DC,<100
17488,Daniel Hall,Secret,Neutral,White,White,Male,Yes,11,Jan/1991,New Earth,DC,<100
17493,Goldie the Gargoyle,Public,Neutral,Black,White,Male,Yes,10,Feb/1989,New Earth,DC,<10
17511,Joseph Mason,Public,Neutral,Green,Black,Male,Yes,9,Feb/1990,New Earth,DC,<10
17522,Mupo,Public,Neutral,Brown,Black,Male,Yes,6,Aug/1969,New Earth,DC,<10
17528,Submissionary Judah,Public,Neutral,Black,Black,Male,No,2,Jun/2005,New Earth,DC,<10
17612,Jeremiah Duncan,Public,Neutral,Grey,Black,Male,Yes,11,Jun/1986,New Earth,DC,<100
17647,Harlan Brooks,Public,Neutral,Photocellular,Grey,Male,Yes,3,Jun/1988,New Earth,DC,<10
17730,Victor Christianson,Secret,Neutral,Blue,Brown,Male,Yes,1,Jun/1978,New Earth,DC,<10
17808,Lei Zi Impostor,Secret,Neutral,White,Brown,Female,Yes,1,Jan/2010,New Earth,DC,<10
17821,Louis Martin,Public,Neutral,Blue,Brown,Male,Yes,15,Aug/1997,New Earth,DC,<100
17835,Nora Fields,Public,Neutral,Brown,Brown,Female,Yes,7,Feb/2003,New Earth,DC,<10
17841,Antoine,Secret,Neutral,Blue,Black,Male,Yes,8,Oct/1992,New Earth,DC,<10
17843,Bizarro Batman,Secret,Neutral,Blue,Blond,Male,Yes,2,Nov/2007,New Earth,DC,<10
17853,Summer Day,Secret,Neutral,Blue,Brown,Female,No,26,Sep/1978,New Earth,DC,<100
17882,Charles Ralston,Secret,Neutral,Brown,Black,Male,Yes,1,Nov/1981,Earth-One,DC,<10
17890,Vincenzo Baldi,Known to Authorities,Neutral,Brown,Black,Male,No,4,Jul/2005,New Earth,DC,<10
17901,Dren Keeg,Secret,Neutral,White,Black,Male,Yes,6,Mar/1990,New Earth,DC,<10
17903,William Pettit,Public,Neutral,Brown,White,Male,No,26,Feb/1996,New Earth,DC,<100
17918,Gary Lester,Public,Neutral,Blue,Brown,Male,No,14,Jan/1988,New Earth,DC,<100
17933,Rikkard Rynders,Secret,Neutral,Black,Brown,Male,Yes,2,Apr/1988,New Earth,DC,<10
18073,Jonathan Hedley,Secret,Neutral,Green,Blond,Male,Yes,1,May/1990,New Earth,DC,<10
18090,Gong Gong Impostor,Unknown,Neutral,White,White,Male,Yes,1,Jan/2010,New Earth,DC,<10
18114,Koko,Public,Neutral,Brown,White,Male,Yes,1,Oct/2008,New Earth,DC,<10
18128,Roger Denning,Public,Neutral,Blue,Black,Male,Yes,19,Sep/1965,New Earth,DC,<100
18152,Mustang Suzy,Secret,Neutral,Brown,Red,Female,Yes,5,Nov/1992,New Earth,DC,<10
18168,Armless Master,Public,Neutral,Blue,Brown,Male,No,2,Jul/1994,New Earth,DC,<10
18169,Richard Destine,Public,Neutral,Green,Blond,Male,Yes,4,Dec/1999,New Earth,DC,<10
18270,Richard Mission,Public,Neutral,Brown,Brown,Male,Yes,8,Dec/1991,New Earth,DC,<10
18365,Michael Dugan,Public,Neutral,Green,Red,Male,Yes,18,Feb/1985,New Earth,DC,<100
18419,Grant Morrison,Secret,Neutral,Blue,Black,Male,No,4,Jul/1990,New Earth,DC,<10
18432,Lori Zechlin,Secret,Neutral,Blue,Black,Female,Yes,52,Jan/2005,New Earth,DC,<100
18444,Merlin,Secret,Neutral,Black,White,Male,Yes,92,Feb/1936,New Earth,DC,<100
18459,Cassandra Craft,Public,Neutral,Grey,White,Female,Yes,13,Feb/1972,New Earth,DC,<100
18469,Abraham Pointe,Public,Neutral,Black,Blond,Male,Yes,3,Sep/2010,New Earth,DC,<10
18481,Talaoc,Public,Neutral,Blue,Black,Male,Yes,5,May/1988,New Earth,DC,<10
18513,Lobo,Public,Neutral,Red,Black,Male,Yes,353,Jun/1983,New Earth,DC,<500
18582,Charity Bleak,Public,Neutral,Black,Black,Female,Yes,2,Jun/2005,New Earth,DC,<10
18585,Barbara Whitmore,Secret,Neutral,Blue,Blond,Female,Yes,19,Jul/1999,New Earth,DC,<100
18655,Eryx,Public,Neutral,Blue,Purple,Male,Yes,3,Jul/1995,New Earth,DC,<10
18692,Desire,Secret,Neutral,Yellow,Black,Genderless,Yes,20,Nov/1989,New Earth,DC,<100
18704,William Brannon,Secret,Neutral,Yellow,Black,Male,Yes,2,Jun/2008,New Earth,DC,<10
18805,Delia Ryan,Public,Neutral,Blue,Blond,Female,Yes,3,May/1989,New Earth,DC,<10
18828,Werner Vertigo,Secret,Neutral,Blue,Blond,Male,Yes,104,Jul/1978,New Earth,DC,<250
18847,Aron Abromowitz,Secret,Neutral,Blue,No,Male,Yes,7,Jul/2004,New Earth,DC,<10
18876,Lilhy,Public,Neutral,Yellow,Brown,Female,Yes,11,Feb/1995,New Earth,DC,<100
18892,Charles Melvin,Non-dual,Neutral,Brown,Brown,Male,Yes,2,Sep/1973,New Earth,DC,<10
18903,Keerg,Public,Neutral,Grey,Blond,Male,Yes,4,Feb/1992,New Earth,DC,<10
18946,Silver Shield,Secret,Neutral,Blue,Bald,Male,Yes,6,Nov/1989,New Earth,DC,<10
18970,Oceanus,Public,Neutral,White,Black,Male,Yes,17,Apr/1985,New Earth,DC,<100
19011,Xum,Secret,Neutral,Green,Black,Male,Yes,7,Sep/1978,New Earth,DC,<10
19033,Kimberly Rebecki,Public,Neutral,Brown,Brown,Female,Yes,7,Jun/2012,Prime Earth,DC,<10
19055,Coeus,Public,Neutral,Blue,Blue,Unknown,Yes,18,Aug/1985,New Earth,DC,<100
19060,Alesandra Taracon,Public,Neutral,Green,Blond,Female,Yes,2,Dec/2001,New Earth,DC,<10
19213,Bizarro Firestorm,Secret,Neutral,Brown,Brown,Male,Yes,1,Dec/2010,New Earth,DC,<10
19272,Jason Todd,Secret,Neutral,Blue,Black,Male,Yes,235,Jun/1987,New Earth,DC,<250
19277,Two of Spades I,Public,Neutral,Brown,Black,Male,Yes,3,Jul/1990,New Earth,DC,<10
19449,Triton,Public,Neutral,Green,White,Male,Yes,8,Jul/1995,New Earth,DC,<10
19485,Brittany Brandon,Secret,Neutral,Blue,Silver,Female,Yes,5,Jun/1986,New Earth,DC,<10
19661,Miles Lydecker,Public,Neutral,Black,Red,Male,Yes,2,Jul/1992,New Earth,DC,<10
19785,Charon,Secret,Neutral,Blue,Red,Unknown,Yes,23,Aug/1982,New Earth,DC,<100
19794,Maxine Michaels,Public,Neutral,Blue,Blond,Female,No,10,Apr/2003,New Earth,DC,<10
19797,Howard Baxter-Foote,Secret,Neutral,Blue,Blond,Male,Yes,3,Jul/1988,New Earth,DC,<10
19825,John Pemberton,Public,Neutral,Brown,Grey,Male,Yes,16,Oct/1941,New Earth,DC,<100
19837,Arnold Locane,Public,Neutral,Black,Blond,Male,Yes,1,Sep/2004,New Earth,DC,<10
19942,Melody Case,Public,Neutral,Green,Red,Female,Yes,19,Jun/1986,New Earth,DC,<100
19995,Bizarro II,Secret,Neutral,Blue,Black,Male,No,8,Mar/1994,New Earth,DC,<10
20039,Joshua Turnbull,Non-dual,Neutral,Brown,Black,Male,No,1,Mar/2010,New Earth,DC,<10
20073,Arthur Gordon Pym,Public,Neutral,Brown,Blond,Male,No,4,Sep/1988,New Earth,DC,<10
20076,Kalibre,Public,Neutral,Blue,Black,Male,Yes,1,Sep/1995,New Earth,DC,<10
20157,Catwoman III,Secret,Neutral,Blue,Black,Female,Yes,5,Sep/2010,New Earth,DC,<10
20196,Kyle Knight,Secret,Neutral,Blue,Black,Male,Yes,7,Jan/1998,New Earth,DC,<10
20225,Floyd Lawton,Secret,Neutral,Blue,Brown,Male,Yes,227,Jun/1950,New Earth,DC,<250
20235,Simpson Flanders,Public,Neutral,Blue,Black,Male,No,10,May/1993,New Earth,DC,<10
20236,David Shelby,Public,Neutral,Brown,No,Unknown,Yes,3,Dec/1991,New Earth,DC,<10
20262,Harold Carew,Public,Neutral,Blue,Blond,Male,Yes,13,Jul/1982,New Earth,DC,<100
20312,Ak-Var,Public,Neutral,Blue,Blond,Male,No,2,Aug/2009,New Earth,DC,<10
20326,Mack Harlin,Public,Neutral,Black,Blond,Male,Yes,9,Jan/1995,New Earth,DC,<10
20392,Chanda Madan,Public,Neutral,Black,Black,Female,Yes,12,Nov/1998,New Earth,DC,<100
20455,Aimee DeWitt,Public,Neutral,Black,Brown,Female,Yes,1,Jul/1997,New Earth,DC,<10
20458,Eraser,Secret,Neutral,Black,Brown,Male,Yes,6,Jul/2010,New Earth,DC,<10
20480,Donna Anderson,Public,Neutral,Green,Brown,Female,No,5,Aug/2009,New Earth,DC,<10
20497,Terry Chase,Public,Neutral,Green,Black,Female,Yes,11,Jan/1998,New Earth,DC,<100
20507,Mighty Bruce,Public,Neutral,Blue,Brown,Male,Yes,11,Jan/1989,New Earth,DC,<100
20539,Paul Proch,Public,Neutral,Brown,White,Male,Yes,1,Jul/2003,New Earth,DC,<10
20553,Abednego Danner,Public,Neutral,Blue,Black,Male,No,1,Mar/1988,New Earth,DC,<10
20673,Gloria Pemberton,Public,Neutral,Black,Red,Female,Yes,7,Oct/1941,New Earth,DC,<10
20684,Brontes,Public,Neutral,Black,Brown,Male,Yes,4,Mar/1994,New Earth,DC,<10
20698,Mars,Public,Neutral,Brown,Black,Male,Yes,11,May/1944,New Earth,DC,<100
20720,Alan Markham,Public,Neutral,Black,Black,Male,Yes,3,May/1990,New Earth,DC,<10
20729,Pele,Public,Neutral,Brown,Brown,Female,Yes,4,Oct/2009,New Earth,DC,<10
20759,Patrick Noonan,Public,Neutral,Blue,Black,Male,No,10,Jan/1993,New Earth,DC,<10
20816,Demeter,Public,Neutral,Brown,Blond,Female,Yes,41,Oct/1985,New Earth,DC,<100
20833,Cleveland Brand,Public,Neutral,Blue,Black,Male,No,18,Apr/1968,New Earth,DC,<100
20856,Crius,Public,Neutral,Blue,Blond,Male,Yes,14,Aug/1985,New Earth,DC,<100
20861,Lena,Non-dual,Neutral,Blue,Blue,Female,Yes,8,Feb/1964,New Earth,DC,<10
20920,Himon,Public,Neutral,Blue,White,Male,Yes,21,Aug/1972,New Earth,DC,<100
20921,Violet,Secret,Neutral,Brown,Red,Female,Yes,5,Mar/2008,New Earth,DC,<10
20967,Natalie Gurdin,Secret,Neutral,Brown,Brown,Female,Yes,13,Mar/1988,New Earth,DC,<100
21008,Tyrone the Dog,Secret,Neutral,Blue,Grey,Male,Yes,14,Nov/2006,New Earth,DC,<100
21071,Beverly Lewis,Secret,Neutral,Green,Red,Female,Yes,43,May/1980,New Earth,DC,<100
